run_id,config,concurrency,prompt_len,gen_len,ttft_ms,itl_p50_ms,itl_p95_ms,e2e_ms,toks_per_s,ok,err
C,p512/g128/c1,1,512,128,604.7,70.89,79.58,2082.9,61.45,True,
C,p512/g128/c1,1,512,128,781.3,70.17,94.88,2267.2,56.46,True,
C,p512/g128/c8,8,512,128,447.7,75.81,691.74,3432.4,37.29,True,
C,p512/g128/c8,8,512,128,2161.8,74.61,87.15,3801.4,33.67,True,
C,p512/g128/c8,8,512,128,2222.4,75.16,82.21,3782.5,33.84,True,
C,p512/g128/c8,8,512,128,2170.9,75.03,86.6,3732.4,34.29,True,
C,p512/g128/c8,8,512,128,2115.5,73.03,86.54,3670.5,34.87,True,
C,p512/g128/c8,8,512,128,2072.4,74.02,87.88,3632.3,35.24,True,
C,p512/g128/c8,8,512,128,2022.9,73.98,87.89,3582.8,35.73,True,
C,p512/g128/c8,8,512,128,1970.6,74.18,86.74,3532.1,36.24,True,
C,p512/g128/c8,8,512,128,756.2,77.46,86.68,2400.6,53.32,True,
C,p512/g128/c8,8,512,128,775.1,77.45,88.25,2438.5,52.49,True,
C,p512/g128/c8,8,512,128,696.1,75.49,94.86,2387.5,53.61,True,
C,p512/g128/c8,8,512,128,827.1,74.79,86.01,2468.7,51.85,True,
C,p512/g128/c8,8,512,128,750.9,76.17,94.99,2406.2,53.2,True,
C,p512/g128/c8,8,512,128,794.0,76.69,86.66,2444.5,52.36,True,
C,p512/g128/c8,8,512,128,829.3,74.27,86.38,2399.7,53.34,True,
C,p512/g128/c8,8,512,128,778.8,73.84,88.18,2349.2,54.49,True,
C,p512/g128/c32,32,512,128,455.0,90.69,136.84,2573.2,49.74,True,
C,p512/g128/c32,32,512,128,830.7,112.03,137.13,3251.8,39.36,True,
C,p512/g128/c32,32,512,128,780.8,112.72,135.4,3204.1,39.95,True,
C,p512/g128/c32,32,512,128,815.3,112.09,135.28,3259.7,39.27,True,
C,p512/g128/c32,32,512,128,765.4,111.4,135.53,3212.8,39.84,True,
C,p512/g128/c32,32,512,128,799.3,112.57,135.54,3277.1,39.06,True,
C,p512/g128/c32,32,512,128,812.7,113.41,135.31,3328.9,38.45,True,
C,p512/g128/c32,32,512,128,867.1,117.54,139.91,3405.5,37.59,True,
C,p512/g128/c32,32,512,128,779.6,115.25,134.45,3306.0,38.72,True,
C,p512/g128/c32,32,512,128,839.4,111.83,135.44,3387.7,37.78,True,
C,p512/g128/c32,32,512,128,789.4,113.13,129.83,3339.4,38.33,True,
C,p512/g128/c32,32,512,128,847.0,112.95,135.33,3386.3,37.8,True,
C,p512/g128/c32,32,512,128,971.5,111.54,133.27,3416.8,37.46,True,
C,p512/g128/c32,32,512,128,921.4,111.12,128.14,3366.9,38.02,True,
C,p512/g128/c32,32,512,128,856.9,112.6,128.23,3287.1,38.94,True,
C,p512/g128/c32,32,512,128,917.7,111.78,126.17,3344.7,38.27,True,
C,p512/g128/c32,32,512,128,978.0,111.75,126.13,3392.9,37.73,True,
C,p512/g128/c32,32,512,128,897.7,112.28,127.48,3324.3,38.5,True,
C,p512/g128/c32,32,512,128,878.3,111.66,126.17,3292.9,38.87,True,
C,p512/g128/c32,32,512,128,929.3,111.79,126.18,3304.3,38.74,True,
C,p512/g128/c32,32,512,128,879.4,111.77,126.12,3254.5,39.33,True,
C,p512/g128/c32,32,512,128,829.8,111.79,126.14,3204.7,39.94,True,
C,p512/g128/c32,32,512,128,894.0,110.86,126.07,3232.3,39.6,True,
C,p512/g128/c32,32,512,128,960.3,106.16,127.39,3278.0,39.05,True,
C,p512/g128/c32,32,512,128,909.9,109.72,129.46,3227.6,39.66,True,
C,p512/g128/c32,32,512,128,859.8,108.88,130.94,3172.4,40.35,True,
C,p512/g128/c32,32,512,128,923.9,109.47,129.71,3180.2,40.25,True,
C,p512/g128/c32,32,512,128,863.0,108.27,126.13,3128.2,40.92,True,
C,p512/g128/c32,32,512,128,927.2,105.72,134.74,3150.6,40.63,True,
C,p512/g128/c32,32,512,128,898.6,106.3,124.5,3100.0,41.29,True,
C,p512/g128/c32,32,512,128,962.4,104.25,124.54,3050.0,41.97,True,
C,p512/g128/c32,32,512,128,912.4,104.18,124.35,2999.9,42.67,True,
C,p512/g128/c32,32,512,128,779.8,101.4,129.82,2957.0,43.29,True,
C,p512/g128/c32,32,512,128,790.3,103.62,130.08,3032.7,42.21,True,
C,p512/g128/c32,32,512,128,816.4,103.13,130.14,3080.0,41.56,True,
C,p512/g128/c32,32,512,128,788.1,103.2,126.72,3034.5,42.18,True,
C,p512/g128/c32,32,512,128,789.5,103.67,129.97,3080.6,41.55,True,
C,p512/g128/c32,32,512,128,736.8,106.25,128.66,3030.3,42.24,True,
C,p512/g128/c32,32,512,128,862.1,108.63,126.65,3206.6,39.92,True,
C,p512/g128/c32,32,512,128,884.4,109.09,130.09,3253.7,39.34,True,
C,p512/g128/c32,32,512,128,832.6,109.04,130.4,3201.6,39.98,True,
C,p512/g128/c32,32,512,128,783.6,109.09,130.04,3153.0,40.6,True,
C,p512/g128/c32,32,512,128,811.9,109.05,131.06,3201.9,39.98,True,
C,p512/g128/c32,32,512,128,873.4,111.0,126.54,3255.8,39.31,True,
C,p512/g128/c32,32,512,128,901.0,111.25,128.53,3284.9,38.97,True,
C,p512/g128/c32,32,512,128,727.7,111.58,129.33,3132.2,40.87,True,
C,p512/g128/c32,32,512,128,801.2,110.71,130.09,3176.9,40.29,True,
C,p512/g128/c32,32,512,128,832.3,110.78,130.12,3209.2,39.89,True,
C,p512/g128/c32,32,512,128,866.9,110.17,130.19,3252.6,39.35,True,
C,p512/g128/c32,32,512,128,828.8,109.91,124.79,3207.2,39.91,True,
C,p512/g128/c32,32,512,128,888.1,108.69,124.81,3233.0,39.59,True,
C,p512/g128/c32,32,512,128,957.7,108.14,124.74,3265.0,39.2,True,
C,p512/g128/c32,32,512,128,885.1,106.49,130.04,3203.3,39.96,True,
C,p512/g128/c32,32,512,128,812.7,108.7,127.75,3124.4,40.97,True,
C,p512/g128/c32,32,512,128,896.8,106.08,130.1,3190.1,40.12,True,
C,p512/g128/c32,32,512,128,951.1,102.23,130.08,3207.5,39.91,True,
C,p512/g128/c32,32,512,128,900.6,102.77,130.16,3157.0,40.54,True,
C,p512/g128/c32,32,512,128,844.9,101.74,128.96,3098.2,41.31,True,
C,p512/g128/c32,32,512,128,929.1,101.06,130.1,3137.8,40.79,True,
C,p512/g128/c32,32,512,128,999.1,98.77,126.29,3160.0,40.51,True,
C,p512/g128/c32,32,512,128,950.5,98.89,126.45,3111.0,41.14,True,
C,p512/g128/c32,32,512,128,901.0,98.92,126.38,3060.8,41.82,True,
C,p512/g128/c32,32,512,128,962.4,96.48,126.73,3009.9,42.53,True,
C,p512/g128/c32,32,512,128,925.1,100.27,122.66,2960.8,43.23,True,
C,p2048/g128/c1,1,2048,128,563.5,70.59,81.38,2120.0,60.38,True,
C,p2048/g128/c1,1,2048,128,789.6,0.01,495.53,2541.6,50.36,True,
C,p2048/g128/c8,8,2048,128,462.2,80.58,173.72,2276.7,56.22,True,
C,p2048/g128/c8,8,2048,128,772.2,80.01,147.74,2590.3,49.41,True,
C,p2048/g128/c8,8,2048,128,3749.2,71.71,157.83,6370.6,20.09,True,
C,p2048/g128/c8,8,2048,128,927.7,78.85,148.64,2663.9,48.05,True,
C,p2048/g128/c8,8,2048,128,870.6,79.93,155.3,2610.3,49.04,True,
C,p2048/g128/c8,8,2048,128,976.6,79.01,139.22,2634.8,48.58,True,
C,p2048/g128/c8,8,2048,128,926.8,76.88,120.58,2651.5,48.27,True,
C,p2048/g128/c8,8,2048,128,886.3,79.0,139.18,2618.6,48.88,True,
C,p2048/g128/c8,8,2048,128,762.8,72.65,168.78,2488.7,51.43,True,
C,p2048/g128/c8,8,2048,128,839.0,79.6,151.94,2601.3,49.21,True,
C,p2048/g128/c8,8,2048,128,787.7,79.5,156.73,2551.4,50.17,True,
C,p2048/g128/c8,8,2048,128,914.0,79.69,144.49,2708.1,47.27,True,
C,p2048/g128/c8,8,2048,128,848.2,78.03,162.65,2657.8,48.16,True,
C,p2048/g128/c8,8,2048,128,800.4,79.41,156.77,2608.1,49.08,True,
C,p2048/g128/c8,8,2048,128,826.8,76.58,162.73,2571.6,49.77,True,
C,p2048/g128/c8,8,2048,128,776.6,75.31,167.64,2520.8,50.78,True,
C,p2048/g128/c32,32,2048,128,469.1,96.9,156.78,2697.9,47.44,True,
C,p2048/g128/c32,32,2048,128,939.3,129.12,169.37,3635.4,35.21,True,
C,p2048/g128/c32,32,2048,128,909.3,121.96,183.9,3594.9,35.61,True,
C,p2048/g128/c32,32,2048,128,831.7,124.76,189.24,3511.3,36.45,True,
C,p2048/g128/c32,32,2048,128,890.7,123.27,173.25,3613.9,35.42,True,
C,p2048/g128/c32,32,2048,128,834.0,130.32,169.52,3556.6,35.99,True,
C,p2048/g128/c32,32,2048,128,857.7,131.28,169.44,3622.4,35.34,True,
C,p2048/g128/c32,32,2048,128,799.7,125.39,189.26,3557.9,35.98,True,
C,p2048/g128/c32,32,2048,128,926.5,133.26,194.6,3752.0,34.12,True,
C,p2048/g128/c32,32,2048,128,787.2,133.28,194.52,3678.1,34.8,True,
C,p2048/g128/c32,32,2048,128,820.9,130.91,209.81,3647.8,35.09,True,
C,p2048/g128/c32,32,2048,128,961.3,130.12,190.88,3740.9,34.22,True,
C,p2048/g128/c32,32,2048,128,943.9,128.65,174.74,3803.5,33.65,True,
C,p2048/g128/c32,32,2048,128,879.2,130.34,191.26,3753.5,34.1,True,
C,p2048/g128/c32,32,2048,128,954.1,127.73,174.37,3808.6,33.61,True,
C,p2048/g128/c32,32,2048,128,868.8,128.04,209.02,3724.9,34.36,True,
C,p2048/g128/c32,32,2048,128,949.4,134.33,191.14,3848.8,33.26,True,
C,p2048/g128/c32,32,2048,128,915.8,136.75,185.07,3799.3,33.69,True,
C,p2048/g128/c32,32,2048,128,974.6,135.68,193.0,3781.5,33.85,True,
C,p2048/g128/c32,32,2048,128,925.5,134.32,191.14,3731.5,34.3,True,
C,p2048/g128/c32,32,2048,128,875.7,134.39,191.13,3681.7,34.77,True,
C,p2048/g128/c32,32,2048,128,968.9,130.32,192.99,3717.5,34.43,True,
C,p2048/g128/c32,32,2048,128,1033.6,130.36,191.09,3764.1,34.01,True,
C,p2048/g128/c32,32,2048,128,984.0,130.02,191.0,3714.5,34.46,True,
C,p2048/g128/c32,32,2048,128,946.4,125.78,174.42,3674.4,34.84,True,
C,p2048/g128/c32,32,2048,128,1012.5,128.24,174.46,3701.5,34.58,True,
C,p2048/g128/c32,32,2048,128,935.8,128.01,209.04,3617.5,35.38,True,
C,p2048/g128/c32,32,2048,128,901.4,130.38,191.07,3583.7,35.72,True,
C,p2048/g128/c32,32,2048,128,1152.1,124.68,190.83,3764.1,34.01,True,
C,p2048/g128/c32,32,2048,128,1107.5,120.42,174.43,3714.2,34.46,True,
C,p2048/g128/c32,32,2048,128,1057.5,116.35,174.47,3664.1,34.93,True,
C,p2048/g128/c32,32,2048,128,1002.1,121.15,192.8,3614.3,35.42,True,
C,p2048/g128/c32,32,2048,128,787.5,124.14,187.11,3393.0,37.72,True,
C,p2048/g128/c32,32,2048,128,816.9,124.18,184.09,3443.5,37.17,True,
C,p2048/g128/c32,32,2048,128,757.8,111.13,164.65,3368.3,38.0,True,
C,p2048/g128/c32,32,2048,128,873.7,126.01,184.12,3610.6,35.45,True,
C,p2048/g128/c32,32,2048,128,823.8,126.0,184.19,3560.3,35.95,True,
C,p2048/g128/c32,32,2048,128,861.5,128.33,184.16,3662.8,34.95,True,
C,p2048/g128/c32,32,2048,128,833.5,136.21,170.96,3612.8,35.43,True,
C,p2048/g128/c32,32,2048,128,942.2,125.94,183.45,3648.1,35.09,True,
C,p2048/g128/c32,32,2048,128,900.4,126.26,182.85,3723.4,34.38,True,
C,p2048/g128/c32,32,2048,128,843.1,132.92,177.11,3649.5,35.07,True,
C,p2048/g128/c32,32,2048,128,911.4,122.72,182.99,3746.6,34.16,True,
C,p2048/g128/c32,32,2048,128,846.2,126.25,182.94,3696.5,34.63,True,
C,p2048/g128/c32,32,2048,128,796.1,126.07,182.99,3646.4,35.1,True,
C,p2048/g128/c32,32,2048,128,853.2,126.73,189.53,3786.4,33.8,True,
C,p2048/g128/c32,32,2048,128,876.7,135.53,170.68,3736.4,34.26,True,
C,p2048/g128/c32,32,2048,128,836.9,128.48,189.55,3695.5,34.64,True,
C,p2048/g128/c32,32,2048,128,872.0,132.45,170.66,3732.8,34.29,True,
C,p2048/g128/c32,32,2048,128,966.6,129.01,189.54,3782.4,33.84,True,
C,p2048/g128/c32,32,2048,128,915.8,125.41,189.42,3731.8,34.3,True,
C,p2048/g128/c32,32,2048,128,969.6,127.39,170.78,3759.6,34.05,True,
C,p2048/g128/c32,32,2048,128,957.2,126.47,182.07,3735.0,34.27,True,
C,p2048/g128/c32,32,2048,128,1022.4,126.47,182.09,3777.2,33.89,True,
C,p2048/g128/c32,32,2048,128,952.3,122.61,170.6,3693.7,34.65,True,
C,p2048/g128/c32,32,2048,128,922.9,125.39,189.55,3670.3,34.87,True,
C,p2048/g128/c32,32,2048,128,987.1,129.52,202.69,3753.7,34.1,True,
C,p2048/g128/c32,32,2048,128,945.3,129.46,189.57,3704.5,34.55,True,
C,p2048/g128/c32,32,2048,128,1044.1,125.52,189.57,3670.1,34.88,True,
C,p2048/g128/c32,32,2048,128,993.6,125.37,189.56,3625.5,35.31,True,
C,p2048/g128/c32,32,2048,128,931.2,126.57,170.14,3570.2,35.85,True,
C,p2048/g128/c32,32,2048,128,1037.0,118.65,189.69,3598.1,35.57,True,
C,p2048/g128/c32,32,2048,128,987.1,123.91,189.51,3548.0,36.08,True,
C,p2048/g128/c32,32,2048,128,937.9,123.92,189.48,3498.7,36.58,True,
C,p8192/g128/c1,1,8192,128,554.9,79.66,117.35,2210.6,57.9,True,
C,p8192/g128/c1,1,8192,128,1182.5,78.11,123.42,2810.4,45.55,True,
C,p8192/g128/c8,8,8192,128,507.7,97.93,150.03,2725.2,46.97,True,
C,p8192/g128/c8,8,8192,128,1298.2,103.77,149.99,3537.2,36.19,True,
C,p8192/g128/c8,8,8192,128,1249.0,102.05,146.35,3488.2,36.7,True,
C,p8192/g128/c8,8,8192,128,1308.1,103.04,167.51,3628.3,35.28,True,
C,p8192/g128/c8,8,8192,128,1251.6,98.97,167.87,3578.7,35.77,True,
C,p8192/g128/c8,8,8192,128,1319.2,101.13,146.35,3424.1,37.38,True,
C,p8192/g128/c8,8,8192,128,1268.7,99.46,146.35,3384.3,37.82,True,
C,p8192/g128/c8,8,8192,128,1186.0,98.96,171.19,3305.5,38.72,True,
C,p8192/g128/c8,8,8192,128,1149.3,100.37,180.66,3407.7,37.56,True,
C,p8192/g128/c8,8,8192,128,1296.0,101.55,163.26,3541.3,36.15,True,
C,p8192/g128/c8,8,8192,128,1193.5,102.21,183.46,3381.7,37.85,True,
C,p8192/g128/c8,8,8192,128,1304.8,98.74,188.94,3518.6,36.38,True,
C,p8192/g128/c8,8,8192,128,1263.8,100.28,180.78,3490.6,36.67,True,
C,p8192/g128/c8,8,8192,128,1204.7,100.69,188.88,3418.6,37.44,True,
C,p8192/g128/c8,8,8192,128,1252.1,99.18,163.1,3374.1,37.94,True,
C,p8192/g128/c8,8,8192,128,1198.4,102.6,172.23,3318.3,38.57,True,
C,p8192/g128/c32,32,8192,128,503.7,113.6,234.47,3577.3,35.78,True,
C,p8192/g128/c32,32,8192,128,1304.9,205.88,272.99,5532.2,23.14,True,
C,p8192/g128/c32,32,8192,128,1152.7,215.28,271.35,5482.4,23.35,True,
C,p8192/g128/c32,32,8192,128,1308.1,215.59,271.46,5821.1,21.99,True,
C,p8192/g128/c32,32,8192,128,1258.2,212.8,271.37,5771.4,22.18,True,
C,p8192/g128/c32,32,8192,128,1346.5,213.48,271.25,5905.8,21.67,True,
C,p8192/g128/c32,32,8192,128,1296.6,212.78,271.32,5856.4,21.86,True,
C,p8192/g128/c32,32,8192,128,1270.4,215.47,280.54,5824.2,21.98,True,
C,p8192/g128/c32,32,8192,128,1333.3,215.46,280.54,5959.7,21.48,True,
C,p8192/g128/c32,32,8192,128,1438.3,215.49,273.14,6161.7,20.77,True,
C,p8192/g128/c32,32,8192,128,1548.8,213.39,273.13,6177.2,20.72,True,
C,p8192/g128/c32,32,8192,128,1489.9,219.4,276.16,6116.7,20.93,True,
C,p8192/g128/c32,32,8192,128,1427.3,216.2,288.4,6057.4,21.13,True,
C,p8192/g128/c32,32,8192,128,1398.2,218.5,267.99,6026.4,21.24,True,
C,p8192/g128/c32,32,8192,128,1347.8,213.77,273.15,5966.5,21.45,True,
C,p8192/g128/c32,32,8192,128,1465.7,218.43,265.19,6061.6,21.12,True,
C,p8192/g128/c32,32,8192,128,1382.8,217.67,287.78,5969.9,21.44,True,
C,p8192/g128/c32,32,8192,128,1578.2,215.38,273.0,6077.6,21.06,True,
C,p8192/g128/c32,32,8192,128,1528.1,216.0,267.93,6039.7,21.19,True,
C,p8192/g128/c32,32,8192,128,1477.9,213.37,273.09,5977.3,21.41,True,
C,p8192/g128/c32,32,8192,128,1650.3,215.88,276.31,6025.1,21.24,True,
C,p8192/g128/c32,32,8192,128,1612.6,215.56,272.88,5975.0,21.42,True,
C,p8192/g128/c32,32,8192,128,1562.8,211.63,273.14,5925.2,21.6,True,
C,p8192/g128/c32,32,8192,128,1476.0,205.05,288.39,5858.2,21.85,True,
C,p8192/g128/c32,32,8192,128,1736.1,206.98,258.03,5968.7,21.45,True,
C,p8192/g128/c32,32,8192,128,1686.1,211.83,275.5,6684.3,19.15,True,
C,p8192/g128/c32,32,8192,128,1635.7,212.61,276.46,6634.0,19.29,True,
C,p8192/g128/c32,32,8192,128,1585.7,204.85,267.93,5818.6,22.0,True,
C,p8192/g128/c32,32,8192,128,1537.0,213.51,258.06,5769.0,22.19,True,
C,p8192/g128/c32,32,8192,128,1674.9,215.46,276.01,6601.0,19.39,True,
C,p8192/g128/c32,32,8192,128,1600.5,196.12,238.79,5668.4,22.58,True,
C,p8192/g128/c32,32,8192,128,1550.4,196.15,238.44,5618.2,22.78,True,
C,p8192/g128/c32,32,8192,128,1192.5,222.97,263.79,5620.7,22.77,True,
C,p8192/g128/c32,32,8192,128,1230.7,221.59,278.53,5664.2,22.6,True,
C,p8192/g128/c32,32,8192,128,1205.4,226.64,295.61,6024.0,21.25,True,
C,p8192/g128/c32,32,8192,128,1155.5,224.96,295.7,5974.1,21.43,True,
C,p8192/g128/c32,32,8192,128,1315.8,226.72,295.6,5924.8,21.6,True,
C,p8192/g128/c32,32,8192,128,1265.9,225.02,295.27,5885.4,21.75,True,
C,p8192/g128/c32,32,8192,128,1348.7,225.04,295.3,6024.4,21.25,True,
C,p8192/g128/c32,32,8192,128,1288.0,225.12,295.61,5974.8,21.42,True,
C,p8192/g128/c32,32,8192,128,1251.1,217.02,327.61,5925.0,21.6,True,
C,p8192/g128/c32,32,8192,128,1330.2,222.43,327.02,6057.4,21.13,True,
C,p8192/g128/c32,32,8192,128,1449.4,225.02,295.29,6154.1,20.8,True,
C,p8192/g128/c32,32,8192,128,1399.1,224.95,295.3,6104.3,20.97,True,
C,p8192/g128/c32,32,8192,128,1349.1,224.95,295.7,6054.1,21.14,True,
C,p8192/g128/c32,32,8192,128,1478.4,218.57,327.49,6139.8,20.85,True,
C,p8192/g128/c32,32,8192,128,1419.4,225.01,295.29,6077.9,21.06,True,
C,p8192/g128/c32,32,8192,128,1360.8,228.06,295.6,6027.6,21.24,True,
C,p8192/g128/c32,32,8192,128,1543.9,223.32,295.41,6105.4,20.97,True,
C,p8192/g128/c32,32,8192,128,1494.2,222.03,327.0,6081.7,21.05,True,
C,p8192/g128/c32,32,8192,128,1645.2,225.22,295.98,6116.7,20.93,True,
C,p8192/g128/c32,32,8192,128,1608.5,222.06,326.93,6080.5,21.05,True,
C,p8192/g128/c32,32,8192,128,1545.6,223.33,295.7,6016.9,21.27,True,
C,p8192/g128/c32,32,8192,128,1508.6,223.31,295.42,5966.5,21.45,True,
C,p8192/g128/c32,32,8192,128,1427.2,222.46,323.52,5901.0,21.69,True,
C,p8192/g128/c32,32,8192,128,1642.1,211.74,326.96,6023.3,21.25,True,
C,p8192/g128/c32,32,8192,128,1569.1,217.86,296.23,5973.7,21.43,True,
C,p8192/g128/c32,32,8192,128,1542.1,211.74,327.04,5923.3,21.61,True,
C,p8192/g128/c32,32,8192,128,1444.2,210.79,331.53,5873.0,21.79,True,
C,p8192/g128/c32,32,8192,128,1648.7,219.39,355.4,6180.2,20.71,True,
C,p8192/g128/c32,32,8192,128,1627.2,211.75,420.77,6199.0,20.65,True,
C,p8192/g128/c32,32,8192,128,1548.5,215.97,355.46,6079.7,21.05,True,
C,p8192/g128/c32,32,8192,128,1527.6,216.46,413.59,6093.7,21.01,True,
C,p8192/g128/c32,32,8192,128,1696.8,207.64,419.17,6048.8,21.16,True,
